True_X,True_Y,LiDAR_X,LiDAR_Y,Radar_X,Radar_Y,Fused_X,Fused_Y,Vehicle_Velocity,Object_Velocity,Object_Angle
10,5,10.2915847707849,5.06349251275317,40.0862144649428,19.5513531467929,18.0557599030706,9.36224587566622,15,-5,26
